url,title,price,address,area,floor,year,metro_name,metro_time,house_type,_error
https://www.cian.ru/sale/flat/320771675/,"Продается 3-комн. квартира, 100 м²",107 000 000 ₽,"Москва, ЦАО, р-н Хамовники, ул. Пречистенка, 25На карте",100 м²,4 из 6,1910,Парк Культуры,7 мин.,Кирпичный,
https://www.cian.ru/sale/flat/321374078/,"Продается 2-комн. квартира, 56 м²",47 600 000 ₽,"Москва, ЦАО, р-н Хамовники, 3-я Фрунзенская ул., 13На карте",56 м²,3 из 8,1961,Спортивная,8 мин.,Кирпичный,
https://www.cian.ru/sale/flat/323524318/,"Продается 3-комн. квартира, 78 м²",27 900 000 ₽,"Москва, ЦАО, р-н Таганский, Иерусалимская ул., 3На карте",78 м²,3 из 9,2002,Пролетарская,12 мин.,Монолитный,
https://www.cian.ru/sale/flat/320323503/,"Продается 2-комн. квартира, 52 м²",45 000 000 ₽,"Москва, ЦАО, р-н Тверской, пер. Лихов, 5На карте",52 м²,4 из 7,1917,Цветной бульвар,10 мин.,Кирпичный,
https://www.cian.ru/sale/flat/322286415/,"Продается 5-комн. квартира, 241 м²",995 000 000 ₽,"Москва, ЦАО, р-н Хамовники, Малый Левшинский пер., 5К2На карте",241 м²,6 из 9,2003,Парк Культуры,9 мин.,Монолитный,
https://www.cian.ru/sale/flat/323336526/,"Продаются 2-комн. апартаменты, 82,4 м²",87 179 200 ₽,"Москва, ЦАО, р-н Таганский, Славянская пл., 2/5с1На карте","82,4 м²",5 из 8,2022,Китай-город,2 мин.,Монолитно-кирпичный,
https://www.cian.ru/sale/flat/320497563/,"Продается 3-комн. квартира, 145 м²",89 000 000 ₽,"Москва, СЗАО, р-н Покровское-Стрешнево, Береговая ул., 4К1На карте",145 м²,2 из 6,2006,Балтийская,25 мин.,Монолитный,
https://www.cian.ru/sale/flat/319303243/,"Продаются 5-комн. апартаменты, 593,3 м²",958 179 500 ₽,"Москва, ЦАО, р-н Пресненский, 1-й Красногвардейский проезд, 22с1На карте","593,3 м²",66 из 66,,Москва-Сити,2 мин.,Монолитный,
https://www.cian.ru/sale/flat/322043526/,"Продается 2-комн. квартира, 56,7 м²",27 790 938 ₽,"Москва, СЗАО, р-н Щукино, 1-й Красногорский проездНа карте","56,7 м²",20 из 34,,Стрешнево,3 мин.,Монолитно-кирпичный,
https://www.cian.ru/sale/flat/318956322/,"Продается 4-комн. квартира, 128,6 м²",60 300 000 ₽,"Москва, СЗАО, р-н Южное Тушино, Лодочная ул., 27К2На карте","128,6 м²",21 из 29,,Тушинская,5 мин.,Монолитно-кирпичный,
https://www.cian.ru/sale/flat/322610165/,"Продается 4-комн. квартира, 115 м²",88 900 000 ₽,"Москва, СЗАО, р-н Хорошево-Мневники, Шелепихинская наб., 34к2зд1На карте",115 м²,8 из 34,,Шелепиха,20 мин.,Монолитно-кирпичный,
https://www.cian.ru/sale/flat/322526810/,"Продается 2-комн. квартира, 62 м²",53 925 616 ₽,"Москва, САО, р-н Беговой, Северный административный округ, Слава жилой комплексНа карте",62 м²,8 из 36,,Белорусская,4 мин.,Монолитный,
https://www.cian.ru/sale/flat/319665541/,"Продаются 2-комн. апартаменты, 75,9 м²",42 279 999 ₽,"Москва, ул. 1-я Ямского Поля, 26","75,9 м²",3 из 21,,Белорусская,9 мин.,Монолитный,
https://www.cian.ru/sale/flat/323195698/,"Продаются 2-комн. апартаменты, 46,3 м²",20 881 767 ₽,"Москва, САО, р-н Хорошевский, Ходынский бул., 20АНа карте","46,3 м²",3 из 18,,ЦСКА,10 мин.,Монолитный,
https://www.cian.ru/sale/flat/322692594/,"Продается 2-комн. квартира, 47,6 м²",46 950 000 ₽,"Москва, САО, р-н Хорошевский, Ленинградский просп., 37/5На карте","47,6 м²",14 из 41,,Динамо,17 мин.,,
https://www.cian.ru/sale/flat/320393830/,"Продается 1-комн. квартира, 29,1 м²",22 597 605 ₽,"Москва, САО, р-н Савеловский, 2-я Хуторская ул., 34На карте","29,1 м²",38 из 54,,Дмитровская,6 мин.,Монолитный,
https://www.cian.ru/sale/flat/314482762/,"Продается студия, 16 м²",6 200 000 ₽,"Москва, СВАО, р-н Бабушкинский, ул. Летчика Бабушкина, 21/2На карте",16 м²,3 из 7,1949,Бабушкинская,11 мин.,Сталинский,
https://www.cian.ru/sale/flat/321863845/,"Продается 4-комн. квартира, 137,7 м²",126 946 637 ₽,"Москва, САО, р-н Хорошевский, Ленинградский просп., 37/7На карте","137,7 м²",29 из 41,,Динамо,15 мин.,,
https://www.cian.ru/sale/flat/317570087/,"Продается 1-комн. квартира, 37 м²",23 000 000 ₽,"Москва, СВАО, р-н Марфино, ул. Академика Королева, 21На карте",37 м²,19 из 29,2025,Бутырская,10 мин.,,
https://www.cian.ru/sale/flat/322281917/,"Продается 4-комн. квартира, 160 м²",175 000 000 ₽,"Москва, САО, р-н Хорошевский, Ленинградский просп., 37/3На карте",160 м²,20 из 41,,Петровский Парк,16 мин.,,
https://www.cian.ru/sale/flat/323518404/,"Продается студия, 29,8 м²",16 576 402 ₽,"Москва, СВАО, р-н Свиблово, проезд Серебрякова, 11к2На карте","29,8 м²",44 из 53,,Ботанический сад,11 мин.,Монолитно-кирпичный,
https://www.cian.ru/sale/flat/323389600/,"Продается 3-комн. квартира, 118 м²",89 990 000 ₽,"Москва, СЗАО, р-н Хорошево-Мневники, ул. Народного Ополчения, 15К2На карте",118 м²,39 из 58,2022,Народное Ополчение,10 мин.,Монолитный,
https://www.cian.ru/sale/flat/320397183/,"Продается 1-комн. квартира, 35,76 м²",20 909 838 ₽,"Москва, СВАО, р-н Алексеевский, Мира жилой комплексНа карте","35,76 м²",2 из 24,,ВДНХ,13 мин.,Монолитный,
https://www.cian.ru/sale/flat/319673529/,"Продается 3-комн. квартира, 72,1 м²",34 000 000 ₽,"Москва, СВАО, р-н Останкинский, ул. Годовикова, 11к1На карте","72,1 м²",12 из 24,2025,Алексеевская,9 мин.,,
https://www.cian.ru/sale/flat/307731203/,"Продается 5-комн. квартира, 206,56 м²",,"Москва, СВАО, р-н Марьина роща, Тэйт жилой комплексНа карте","206,56 м²",41 из 49,,Марьина Роща,11 мин.,Монолитно-кирпичный,
https://www.cian.ru/sale/flat/323693540/,"Продается 2-комн. квартира, 74 м²",38 972 950 ₽,"Москва, СЗАО, р-н Щукино, Щукинская ул., 3На карте",74 м²,5 из 21,,Щукинская,11 мин.,Монолитный,
https://www.cian.ru/sale/flat/322977068/,"Продается 2-комн. квартира, 65,5 м²",46 800 000 ₽,"Москва, СЗАО, р-н Хорошево-Мневники, Причальный проезд, 10к1На карте","65,5 м²",19 из 33,2023,Шелепиха,12 мин.,,
https://www.cian.ru/sale/flat/322605021/,"Продается 4-комн. квартира, 278 м²",149 500 000 ₽,"Москва, СЗАО, р-н Щукино, ул. Расплетина, 14На карте",278 м²,15 из 18,2000,Октябрьское поле,8 мин.,,
https://www.cian.ru/sale/flat/323746065/,"Продается 3-комн. квартира, 77,4 м²",45 000 000 ₽,"Москва, СЗАО, р-н Хорошево-Мневники, ул. Нижние Мневники, 16к6На карте","77,4 м²",8 из 22,2024,Терехово,12 мин.,,
https://www.cian.ru/sale/flat/317766565/,"Продается 4-комн. квартира, 160 м²",107 000 000 ₽,"Москва, ЦАО, р-н Хамовники, ул. Знаменка, 13С1На карте",160 м²,4 из 9,1913,Боровицкая,4 мин.,Панельный,
https://www.cian.ru/sale/flat/322415238/,"Продается 2-комн. квартира, 71,9 м²",56 000 000 ₽,"Москва, СЗАО, р-н Хорошево-Мневники, ул. Нижние Мневники, 7На карте","71,9 м²",3 из 21,,Терехово,14 мин.,Монолитно-кирпичный,
https://www.cian.ru/sale/flat/320998926/,"Продается 3-комн. квартира, 193,4 м²",260 000 000 ₽,"Москва, ЦАО, р-н Хамовники, Саввинская наб., 9На карте","193,4 м²",11 из 15,2007,Киевская,11 мин.,,
https://www.cian.ru/sale/flat/316491844/,"Продается 4-комн. квартира, 254,1 м²",724 185 000 ₽,"Москва, ЦАО, р-н Арбат, Никитский бул., 6/20На карте","254,1 м²",4 из 8,,Арбатская,3 мин.,,
https://www.cian.ru/sale/flat/314626929/,"Продается 3-комн. квартира, 132,3 м²",230 000 000 ₽,"Москва, ЦАО, р-н Хамовники, ул. Усачева, 15АНа карте","132,3 м²",10 из 14,,Фрунзенская,12 мин.,,
https://www.cian.ru/sale/flat/322837311/,"Продается 4-комн. квартира, 217 м²",551 688 000 ₽,"Москва, ЦАО, р-н Якиманка, Старомонетный пер., 19/11На карте",217 м²,2 из 6,,Полянка,6 мин.,Монолитно-кирпичный,
https://www.cian.ru/sale/flat/323726967/,"Продается 1-комн. квартира, 38 м²",15 800 000 ₽,"Москва, САО, р-н Бескудниковский, Дмитровское ш., 90К1На карте",38 м²,3 из 19,2014,Селигерская,10 мин.,Кирпичный,
https://www.cian.ru/sale/flat/321393849/,"Продается 2-комн. квартира, 55 м²",23 000 000 ₽,"Москва, САО, р-н Хорошевский, Хорошевское ш., 12к1На карте",55 м²,25 из 37,2010,Беговая,3 мин.,Монолитный,
https://www.cian.ru/sale/flat/323378065/,"Продаются 1-комн. апартаменты, 30,7 м²",8 995 100 ₽,"Москва, СВАО, р-н Останкинский, Березовая аллея, 19к6На карте","30,7 м²",10 из 18,2023,Ботанический сад,14 мин.,Монолитно-кирпичный,
https://www.cian.ru/sale/flat/323241177/,"Продается 3-комн. квартира, 92,5 м²",34 790 476 ₽,"Москва, Левел Войковская жилой комплекс","92,5 м²",3 из 20,,Войковская,13 мин.,Монолитный,
https://www.cian.ru/sale/flat/320412250/,,,,,,,,,,
https://www.cian.ru/sale/flat/320397137/,"Продается 3-комн. квартира, 83,33 м²",45 055 198 ₽,"Москва, СВАО, р-н Алексеевский, Мира жилой комплексНа карте","83,33 м²",4 из 17,,ВДНХ,13 мин.,Монолитный,
https://www.cian.ru/sale/flat/323748229/,"Продается 3-комн. квартира, 64,2 м²",18 500 000 ₽,"Москва, СВАО, р-н Марьина роща, ул. Сущевский Вал, 73На карте","64,2 м²",12 из 12,1965,Рижская,8 мин.,Монолитный,
https://www.cian.ru/sale/flat/306568078/,"Продается 3-комн. квартира, 106 м²",48 654 000 ₽,"Москва, СВАО, р-н Останкинский, ул. Годовикова, 11к4На карте",106 м²,3 из 32,,Алексеевская,13 мин.,Монолитный,
https://www.cian.ru/sale/flat/306599731/,"Продается апартаменты-студия, 23,4 м²",59 046 372 ₽,"Москва, ЦАО, р-н Тверской, 1-я Тверская-Ямская ул., 2АНа карте","23,4 м²",9 из 9,,Маяковская,1 мин.,Монолитно-кирпичный,
https://www.cian.ru/sale/flat/322851113/,"Продается студия, 34,8 м²",49 102 800 ₽,"Москва, ЦАО, р-н Пресненский, 1-й Красногвардейский проезд, 13На карте","34,8 м²",43 из 90,,Деловой центр,4 мин.,Монолитный,
https://www.cian.ru/sale/flat/320145511/,,,,,,,,,,
https://www.cian.ru/sale/flat/323692355/,"Продается 5-комн. квартира, 210,5 м²",158 000 000 ₽,"Москва, ЦАО, р-н Красносельский, Сретенский бул., 6/1С1На карте","210,5 м²",5 из 5,1901,Сретенский бульвар,5 мин.,,
https://www.cian.ru/sale/flat/323665016/,"Продается 2-комн. квартира, 74,1 м²",18 990 000 ₽,"Москва, СЗАО, р-н Куркино, Новокуркинское ш., 51На карте","74,1 м²",8 из 23,2005,Беломорская,13 мин.,Монолитно-кирпичный,
https://www.cian.ru/sale/flat/322801464/,"Продается 1-комн. квартира, 33 м²",12 000 000 ₽,"Москва, ул. Героев Панфиловцев, 6К1",33 м²,8 из 9,1968,Сходненская,3 мин.,Панельный,
https://www.cian.ru/sale/flat/323603333/,"Продаются 5-комн. апартаменты, 274 м²",1 061 470 000 ₽,"Москва, ЦАО, р-н Тверской, Ильинка 3/8 жилой комплексНа карте",274 м²,5 из 5,,Площадь Революции,3 мин.,Монолитный,
https://www.cian.ru/sale/flat/323465060/,"Продается студия, 24,34 м²",16 903 400 ₽,"Москва, СЗАО, р-н Хорошево-Мневники, ул. Берзарина, 37На карте","24,34 м²",4 из 25,,Серебряный Бор,откроется в 2026,Монолитно-кирпичный,
https://www.cian.ru/sale/flat/299273212/,"Продается студия, 17 м²",6 990 000 ₽,"Москва, САО, р-н Аэропорт, Большой Коптевский проезд, 3С7На карте",17 м²,4 из 9,2023,Аэропорт,12 мин.,Кирпичный,
https://www.cian.ru/sale/flat/305062347/,"Продаются 4-комн. апартаменты, 195 м²",185 000 000 ₽,"Москва, САО, р-н Аэропорт, Ленинградский просп., 36с39На карте",195 м²,13 из 15,2019,Динамо,6 мин.,Монолитный,
https://www.cian.ru/sale/flat/320394948/,"Продается 4-комн. квартира, 107,1 м²",42 604 380 ₽,"Москва, СЗАО, р-н Покровское-Стрешнево, Ситизен жилой комплекс, Парус кварталНа карте","107,1 м²",7 из 30,,Тушинская,4 мин.,Монолитный,
https://www.cian.ru/sale/flat/323284237/,"Продается 1-комн. квартира, 31,8 м²",14 900 000 ₽,"Москва, САО, р-н Аэропорт, ул. Усиевича, 3На карте","31,8 м²",2 из 6,1963,Сокол,14 мин.,Кирпичный,
https://www.cian.ru/sale/flat/322901701/,"Продается 2-комн. квартира, 68,8 м²",31 299 596 ₽,"Москва, САО, р-н Аэропорт, Часовая ул., 28к4На карте","68,8 м²",20 из 24,,Сокол,13 мин.,Монолитный,
https://www.cian.ru/sale/flat/319305044/,"Продается 4-комн. квартира, 130,4 м²",67 638 480 ₽,"Москва, САО, р-н Аэропорт, Северный административный округ, Соул жилой комплексНа карте","130,4 м²",2 из 8,,Сокол,13 мин.,Монолитный,
https://www.cian.ru/sale/flat/306653910/,"Продаются 4-комн. апартаменты, 220 м²",220 000 000 ₽,"Москва, САО, р-н Аэропорт, Ленинградский просп., 36с31На карте",220 м²,8 из 11,2017,Динамо,6 мин.,Монолитный,
https://www.cian.ru/sale/flat/322489350/,"Продается 2-комн. квартира, 39,1 м²",14 950 000 ₽,"Москва, САО, р-н Аэропорт, Красноармейская ул., 7На карте","39,1 м²",1 из 8,1960,Петровский Парк,12 мин.,Кирпичный,
https://www.cian.ru/sale/flat/320021116/,"Продается 4-комн. квартира, 95 м²",42 000 000 ₽,"Москва, САО, р-н Аэропорт, Северный административный округ, Соул жилой комплекс, к1На карте",95 м²,2 из 21,,Сокол,12 мин.,Монолитный,
https://www.cian.ru/sale/flat/319863609/,,,,,,,,,,
https://www.cian.ru/sale/flat/318376817/,,,,,,,,,,
https://www.cian.ru/sale/flat/321004636/,"Продается апартаменты-студия, 33,92 м²",16 388 799 ₽,"Москва, САО, р-н Аэропорт, Диус жилой комплексНа карте","33,92 м²",4 из 20,,Аэропорт,17 мин.,Монолитный,
https://www.cian.ru/sale/flat/322506485/,"Продается 3-комн. квартира, 81,9 м²",35 264 829 ₽,"Москва, САО, р-н Аэропорт, Часовая ул., 28к4На карте","81,9 м²",4 из 24,,Сокол,13 мин.,Монолитный,
https://www.cian.ru/sale/flat/322875010/,"Продается 3-комн. квартира, 94,1 м²",41 800 000 ₽,"Москва, САО, р-н Аэропорт, Петровско-Разумовская аллея, 20На карте","94,1 м²",2 из 16,1996,Петровский Парк,8 мин.,Кирпичный,
https://www.cian.ru/sale/flat/323712711/,,,,,,,,,,
https://www.cian.ru/sale/flat/319304816/,"Продается 4-комн. квартира, 159,4 м²",98 052 040 ₽,"Москва, САО, р-н Аэропорт, Северный административный округ, Соул жилой комплекс, к5На карте","159,4 м²",29 из 29,,Сокол,15 мин.,Монолитный,
https://www.cian.ru/sale/flat/319249703/,"Продаются 2-комн. апартаменты, 43,5 м²",30 000 000 ₽,"Москва, САО, р-н Аэропорт, Ленинградский просп., 36с39На карте","43,5 м²",6 из 15,,Динамо,6 мин.,,
https://www.cian.ru/sale/flat/321331764/,"Продается 2-комн. квартира, 62,1 м²",24 300 000 ₽,"Москва, САО, р-н Аэропорт, ул. Самеда Вургуна, 7На карте","62,1 м²",3 из 18,2017,Сокол,11 мин.,,
https://www.cian.ru/sale/flat/323031607/,"Продается 2-комн. квартира, 60,2 м²",28 691 019 ₽,"Москва, Часовая ул., 28к4","60,2 м²",3 из 7,,Сокол,13 мин.,Монолитный,
https://www.cian.ru/sale/flat/323002045/,"Продается 1-комн. квартира, 32 м²",12 800 000 ₽,"Москва, САО, р-н Аэропорт, Красноармейская ул., 6К1На карте",32 м²,8 из 9,,Динамо,13 мин.,Блочный,
https://www.cian.ru/sale/flat/315389416/,"Продается 3-комн. квартира, 148 м²",55 750 000 ₽,"Москва, САО, р-н Аэропорт, Кочновский проезд, 4к2На карте",148 м²,9 из 34,2008,Аэропорт,15 мин.,Монолитный,
https://www.cian.ru/sale/flat/323263788/,"Продается 2-комн. квартира, 50 м²",17 651 000 ₽,"Москва, САО, р-н Аэропорт, Шебашевский проезд, 4К1На карте",50 м²,3 из 4,,Аэропорт,8 мин.,Кирпичный,
https://www.cian.ru/sale/flat/323753581/,"Продается 2-комн. квартира, 46 м²",21 350 000 ₽,"Москва, САО, р-н Аэропорт, Красноармейская ул., 6К1На карте",46 м²,4 из 9,1966,Динамо,13 мин.,Блочный,
https://www.cian.ru/sale/flat/323031525/,"Продается 1-комн. квартира, 46,9 м²",23 125 686 ₽,"Москва, САО, р-н Аэропорт, Часовая ул., 28к4На карте","46,9 м²",5 из 9,,Сокол,13 мин.,Монолитный,
https://www.cian.ru/sale/flat/321752135/,"Продается 2-комн. квартира, 59,7 м²",20 500 000 ₽,"Москва, САО, р-н Аэропорт, 3-й Балтийский пер., 6К3На карте","59,7 м²",4 из 12,1998,Сокол,18 мин.,Панельный,
https://www.cian.ru/sale/flat/323580667/,"Продается 3-комн. квартира, 82,4 м²",33 000 000 ₽,"Москва, САО, р-н Аэропорт, 1-я Аэропортовская ул., 6На карте","82,4 м²",16 из 16,1980,Аэропорт,6 мин.,,
https://www.cian.ru/sale/flat/323031703/,"Продается 3-комн. квартира, 107,7 м²",46 449 933 ₽,"Москва, САО, р-н Аэропорт, Часовая ул., 28к4На карте","107,7 м²",3 из 7,,Сокол,13 мин.,Монолитный,
https://www.cian.ru/sale/flat/317209204/,"Продается 3-комн. квартира, 72 м²",34 900 000 ₽,"Москва, САО, р-н Аэропорт, Ленинградский просп., 78К1На карте",72 м²,4 из 9,,Сокол,2 мин.,,
https://www.cian.ru/sale/flat/323742776/,"Продается 2-комн. квартира, 62,7 м²",34 500 000 ₽,"Москва, САО, р-н Аэропорт, ул. Черняховского, 19На карте","62,7 м²",9 из 10,,Аэропорт,13 мин.,Монолитный,
https://www.cian.ru/sale/flat/322835472/,"Продается 2-комн. квартира, 100 м²",39 800 000 ₽,"Москва, САО, р-н Аэропорт, Кочновский проезд, 4к1На карте",100 м²,7 из 33,2010,Аэропорт,14 мин.,Монолитный,
https://www.cian.ru/sale/flat/319300074/,"Продается 3-комн. квартира, 44,1 м²",14 600 000 ₽,"Москва, САО, р-н Аэропорт, Малый Коптевский проезд, 4На карте","44,1 м²",4 из 5,,Аэропорт,14 мин.,Кирпичный,
https://www.cian.ru/sale/flat/321860138/,"Продается 3-комн. квартира, 148 м²",59 990 000 ₽,"Москва, САО, р-н Аэропорт, Кочновский проезд, 4к2На карте",148 м²,11 из 32,2008,Аэропорт,15 мин.,Монолитный,
https://www.cian.ru/sale/flat/319304886/,"Продается студия, 30,4 м²",21 192 782 ₽,"Москва, САО, р-н Аэропорт, Северный административный округ, Соул жилой комплекс, к3На карте","30,4 м²",16 из 27,,Сокол,13 мин.,Монолитный,
https://www.cian.ru/sale/flat/323316227/,"Продается 3-комн. квартира, 117 м²",55 000 000 ₽,"Москва, САО, р-н Аэропорт, Кочновский проезд, 4к2На карте",117 м²,19 из 34,2008,Гражданская,5 мин.,Монолитный,
https://www.cian.ru/sale/flat/319463487/,"Продается 1-комн. квартира, 32,2 м²",16 690 000 ₽,"Москва, САО, р-н Аэропорт, Часовая ул., 19к3На карте","32,2 м²",6 из 23,2008,Сокол,8 мин.,,
https://www.cian.ru/sale/flat/323636349/,"Продается 3-комн. квартира, 85,7 м²",41 000 000 ₽,"Москва, САО, р-н Аэропорт, ул. Самеда Вургуна, 5На карте","85,7 м²",2 из 8,1953,Сокол,10 мин.,,
https://www.cian.ru/sale/flat/323031598/,"Продается 1-комн. квартира, 54,8 м²",27 291 222 ₽,"Москва, САО, р-н Аэропорт, Часовая ул., 28к4На карте","54,8 м²",3 из 7,,Сокол,13 мин.,Монолитный,
https://www.cian.ru/sale/flat/321372262/,"Продается 2-комн. квартира, 37,9 м²",16 500 000 ₽,"Москва, САО, р-н Аэропорт, ул. Черняховского, 9К3На карте","37,9 м²",9 из 12,1973,Аэропорт,6 мин.,Блочный,
https://www.cian.ru/sale/flat/323031705/,"Продается 4-комн. квартира, 128,8 м²",65 655 156 ₽,"Москва, САО, р-н Аэропорт, Часовая ул., 28к4На карте","128,8 м²",3 из 9,,Сокол,13 мин.,Монолитный,
https://www.cian.ru/sale/flat/319304923/,"Продается 1-комн. квартира, 41,5 м²",27 082 360 ₽,"Москва, Северный административный округ, Соул жилой комплекс, к3","41,5 м²",15 из 27,,Сокол,13 мин.,Монолитный,
https://www.cian.ru/sale/flat/319422766/,,,,,,,,,,
https://www.cian.ru/sale/flat/313331932/,"Продается 4-комн. квартира, 213,6 м²",115 000 000 ₽,"Москва, САО, р-н Аэропорт, Ленинградский просп., 76К1На карте","213,6 м²",17 из 18,2002,Сокол,1 мин.,Кирпичный,
https://www.cian.ru/sale/flat/323530709/,"Продается 2-комн. квартира, 77,3 м²",32 865 455 ₽,"Москва, САО, р-н Аэропорт, Часовая ул., 28к4На карте","77,3 м²",8 из 18,,Сокол,13 мин.,Монолитный,
https://www.cian.ru/sale/flat/323614457/,"Продается 2-комн. квартира, 54,5 м²",25 000 000 ₽,"Москва, САО, р-н Аэропорт, ул. Академика Ильюшина, 4К2На карте","54,5 м²",5 из 5,,Аэропорт,8 мин.,,
https://www.cian.ru/sale/flat/321418048/,"Продается 1-комн. квартира, 31 м²",15 300 000 ₽,"Москва, САО, р-н Аэропорт, Планетная ул., 49На карте",31 м²,2 из 8,1961,Аэропорт,10 мин.,Кирпичный,
https://www.cian.ru/sale/flat/321222888/,"Продается 2-комн. квартира, 37,1 м²",16 800 000 ₽,"Москва, САО, р-н Аэропорт, Красноармейская ул., 6К1На карте","37,1 м²",1 из 9,1966,Петровский Парк,12 мин.,Блочный,
https://www.cian.ru/sale/flat/322752816/,"Продается 3-комн. квартира, 125,2 м²",45 699 000 ₽,"Москва, САО, р-н Аэропорт, ул. Самеда Вургуна, 5На карте","125,2 м²",2 из 8,1953,Сокол,10 мин.,,
https://www.cian.ru/sale/flat/321213352/,"Продается 2-комн. квартира, 61,3 м²",24 100 000 ₽,"Москва, САО, р-н Аэропорт, ул. Степана Супруна, 3На карте","61,3 м²",8 из 12,1973,Аэропорт,8 мин.,Кирпичный,
https://www.cian.ru/sale/flat/322662201/,"Продается апартаменты-студия, 15,1 м²",6 700 000 ₽,"Москва, САО, р-н Аэропорт, Большой Коптевский проезд, 3С7На карте","15,1 м²",2 из 8,1977,Аэропорт,12 мин.,Кирпичный,
https://www.cian.ru/sale/flat/319304838/,"Продается 1-комн. квартира, 45 м²",28 242 810 ₽,"Москва, САО, р-н Аэропорт, Северный административный округ, Соул жилой комплекс, к5На карте",45 м²,23 из 29,,Сокол,15 мин.,Монолитный,
https://www.cian.ru/sale/flat/322536673/,"Продается 3-комн. квартира, 89 м²",32 500 000 ₽,"Москва, САО, р-н Аэропорт, ул. 4-я 8 Марта, 5На карте",89 м²,5 из 6,1936,Аэропорт,15 мин.,,
https://www.cian.ru/sale/flat/317597730/,"Продается 3-комн. квартира, 57 м²",19 800 000 ₽,"Москва, САО, р-н Аэропорт, Авиационный пер., 8На карте",57 м²,1 из 9,1965,Аэропорт,7 мин.,Кирпичный,
https://www.cian.ru/sale/flat/322528100/,"Продается 1-комн. квартира, 30,7 м²",14 800 000 ₽,"Москва, САО, р-н Аэропорт, ул. Асеева, 8На карте","30,7 м²",2 из 5,1962,Аэропорт,10 мин.,Кирпичный,
https://www.cian.ru/sale/flat/319304976/,"Продается 1-комн. квартира, 53,2 м²",28 908 986 ₽,"Москва, САО, р-н Аэропорт, Северный административный округ, Соул жилой комплексНа карте","53,2 м²",2 из 8,,Сокол,13 мин.,Монолитный,
https://www.cian.ru/sale/flat/322414648/,"Продается 3-комн. квартира, 95 м²",52 500 000 ₽,"Москва, САО, р-н Аэропорт, ул. Серегина, 3На карте",95 м²,3 из 16,1978,Динамо,11 мин.,Кирпичный,
https://www.cian.ru/sale/flat/320012798/,"Продается 3-комн. квартира, 99 м²",44 500 000 ₽,"Москва, САО, р-н Аэропорт, Кочновский проезд, 4к2На карте",99 м²,9 из 34,2008,Аэропорт,15 мин.,Монолитный,
https://www.cian.ru/sale/flat/319305102/,"Продается 1-комн. квартира, 47,8 м²",30 282 925 ₽,"Москва, САО, р-н Аэропорт, Северный административный округ, Соул жилой комплекс, к6На карте","47,8 м²",19 из 25,,Сокол,13 мин.,Монолитный,
https://www.cian.ru/sale/flat/323087006/,"Продается 2-комн. квартира, 55,2 м²",33 890 000 ₽,"Москва, САО, р-н Аэропорт, Планетная ул., 47к1На карте","55,2 м²",2 из 9,1974,Аэропорт,8 мин.,Кирпичный,
https://www.cian.ru/sale/flat/322466696/,"Продается 3-комн. квартира, 54,2 м²",19 000 000 ₽,"Москва, САО, р-н Аэропорт, Планетная ул., 4На карте","54,2 м²",2 из 5,,Динамо,14 мин.,Кирпичный,
https://www.cian.ru/sale/flat/322729496/,"Продается 2-комн. квартира, 47,9 м²",20 100 000 ₽,"Москва, САО, р-н Аэропорт, Северный административный округ, ул. 8 Марта, 13На карте","47,9 м²",9 из 9,1967,Аэропорт,17 мин.,Панельный,
https://www.cian.ru/sale/flat/317754808/,"Продается 2-комн. квартира, 83,3 м²",41 500 000 ₽,"Москва, САО, р-н Аэропорт, Часовая ул., 23к1На карте","83,3 м²",21 из 23,2008,Сокол,8 мин.,Монолитно-кирпичный,
https://www.cian.ru/sale/flat/322506473/,"Продается 2-комн. квартира, 69,6 м²",31 505 971 ₽,"Москва, САО, р-н Аэропорт, Часовая ул., 28к4На карте","69,6 м²",3 из 24,,Сокол,13 мин.,Монолитный,
https://www.cian.ru/sale/flat/321960629/,"Продается 3-комн. квартира, 119 м²",57 500 000 ₽,"Москва, САО, р-н Аэропорт, Петровско-Разумовская аллея, 10К2На карте",119 м²,12 из 16,2004,Петровский Парк,3 мин.,,
https://www.cian.ru/sale/flat/321821887/,"Продается 1-комн. квартира, 30 м²",15 500 000 ₽,"Москва, САО, р-н Аэропорт, 1-й Амбулаторный проезд, 2На карте",30 м²,6 из 9,1967,Аэропорт,17 мин.,,
https://www.cian.ru/sale/flat/313590975/,"Продаются 2-комн. апартаменты, 94 м²",75 000 000 ₽,"Москва, САО, р-н Аэропорт, Ленинградский просп., 36с31На карте",94 м²,4 из 10,,Динамо,6 мин.,Монолитный,
https://www.cian.ru/sale/flat/323338857/,"Продаются 3-комн. апартаменты, 106 м²",70 000 000 ₽,"Москва, САО, р-н Аэропорт, Ленинградский просп., 36с39На карте",106 м²,13 из 15,2019,Динамо,6 мин.,Монолитно-кирпичный,
https://www.cian.ru/sale/flat/323031549/,"Продается 1-комн. квартира, 48,5 м²",23 309 197 ₽,"Москва, Часовая ул., 28к4","48,5 м²",5 из 8,,Сокол,13 мин.,Монолитный,
https://www.cian.ru/sale/flat/319595602/,"Продается апартаменты-студия, 13,5 м²",5 200 000 ₽,"Москва, САО, р-н Аэропорт, 2-й Амбулаторный проезд, 8С3На карте","13,5 м²",1 из 6,2010,Красный Балтиец,4 мин.,Блочный,
https://www.cian.ru/sale/flat/323103990/,"Продается 2-комн. квартира, 37,4 м²",15 000 000 ₽,"Москва, САО, р-н Аэропорт, Красноармейская ул., 13На карте","37,4 м²",9 из 9,1964,Аэропорт,9 мин.,Блочный,
https://www.cian.ru/sale/flat/323031636/,"Продается 2-комн. квартира, 73,5 м²",33 586 560 ₽,"Москва, САО, р-н Аэропорт, Часовая ул., 28к4На карте","73,5 м²",3 из 8,,Сокол,13 мин.,Монолитный,
https://www.cian.ru/sale/flat/322923032/,"Продается 3-комн. квартира, 146 м²",59 900 000 ₽,"Москва, САО, р-н Аэропорт, Кочновский проезд, 4к2На карте",146 м²,16 из 32,2008,Аэропорт,15 мин.,Монолитный,
https://www.cian.ru/sale/flat/319132456/,"Продается 2-комн. квартира, 55,1 м²",19 000 000 ₽,"Москва, САО, р-н Аэропорт, Планетная ул., 7На карте","55,1 м²",1 из 5,1959,Динамо,14 мин.,Кирпичный,
https://www.cian.ru/sale/flat/321165508/,"Продается 3-комн. квартира, 107 м²",58 000 000 ₽,"Москва, САО, р-н Аэропорт, Часовая ул., 19к3На карте",107 м²,3 из 23,2008,Сокол,8 мин.,,
https://www.cian.ru/sale/flat/319898878/,"Продается 4-комн. квартира, 132 м²",58 500 000 ₽,"Москва, САО, р-н Аэропорт, Ленинградский просп., 66К2На карте",132 м²,5 из 18,2012,Аэропорт,6 мин.,,
https://www.cian.ru/sale/flat/323490469/,"Продается 2-комн. квартира, 40 м²",13 300 000 ₽,"Москва, САО, р-н Аэропорт, Малый Коптевский проезд, 6К1На карте",40 м²,4 из 12,1969,Красный Балтиец,7 мин.,Блочный,
https://www.cian.ru/sale/flat/306477662/,"Продается 3-комн. квартира, 128 м²",76 000 000 ₽,"Москва, САО, р-н Аэропорт, Часовая ул., 19к3На карте",128 м²,22 из 23,2009,Сокол,8 мин.,,
https://www.cian.ru/sale/flat/291464412/,"Продаются 3-комн. апартаменты, 82 м²",52 000 000 ₽,"Москва, САО, р-н Аэропорт, Ленинградский просп., 36с30На карте",82 м²,4 из 12,2019,Динамо,8 мин.,Монолитный,
https://www.cian.ru/sale/flat/323002860/,"Продаются 2-комн. апартаменты, 50 м²",32 000 000 ₽,"Москва, САО, р-н Аэропорт, Ленинградский просп., 36с40На карте",50 м²,7 из 25,2020,Петровский Парк,10 мин.,Монолитный,
https://www.cian.ru/sale/flat/322185253/,"Продаются 3-комн. апартаменты, 80 м²",55 000 000 ₽,"Москва, Ленинградский просп., 36с40",80 м²,18 из 25,2020,Петровский Парк,10 мин.,Монолитный,
https://www.cian.ru/sale/flat/321929716/,"Продается 2-комн. квартира, 43 м²",19 000 000 ₽,"Москва, САО, р-н Аэропорт, Большой Коптевский проезд, 4На карте",43 м²,3 из 5,1961,Аэропорт,11 мин.,Кирпичный,
https://www.cian.ru/sale/flat/323160262/,"Продается 1-комн. квартира, 32 м²",13 900 000 ₽,"Москва, САО, р-н Аэропорт, Планетная ул., 49На карте",32 м²,2 из 8,,Аэропорт,10 мин.,Кирпичный,
https://www.cian.ru/sale/flat/323449881/,"Продаются 3-комн. апартаменты, 135 м²",75 000 000 ₽,"Москва, САО, р-н Аэропорт, Ленинградский просп., 36с38На карте",135 м²,12 из 15,2019,Динамо,6 мин.,,
https://www.cian.ru/sale/flat/318018581/,"Продаются 4-комн. апартаменты, 195 м²",185 000 000 ₽,"Москва, САО, р-н Аэропорт, Ленинградский просп., 36с39На карте",195 м²,13 из 15,2018,Динамо,6 мин.,,
https://www.cian.ru/sale/flat/315196884/,"Продается 2-комн. квартира, 83 м²",98 000 000 ₽,"Москва, САО, р-н Аэропорт, Часовая ул., 19к3На карте",83 м²,7 из 23,2009,Сокол,8 мин.,,
https://www.cian.ru/sale/flat/319304811/,"Продается 3-комн. квартира, 114,1 м²",69 853 389 ₽,"Москва, САО, р-н Аэропорт, Северный административный округ, Соул жилой комплекс, к5На карте","114,1 м²",29 из 29,,Сокол,15 мин.,Монолитный,
https://www.cian.ru/sale/flat/321050609/,"Продаются 3-комн. апартаменты, 106 м²",70 000 000 ₽,"Москва, САО, р-н Аэропорт, Ленинградский просп., 36с39На карте",106 м²,13 из 15,,Динамо,1 мин.,,
https://www.cian.ru/sale/flat/320583625/,"Продаются 2-комн. апартаменты, 94 м²",72 000 000 ₽,"Москва, САО, р-н Аэропорт, Ленинградский просп., 36с31На карте",94 м²,4 из 10,,Динамо,6 мин.,Монолитный,
https://www.cian.ru/sale/flat/319305105/,"Продается 3-комн. квартира, 114,8 м²",65 659 859 ₽,"Москва, САО, р-н Аэропорт, Северный административный округ, Соул жилой комплекс, к6На карте","114,8 м²",20 из 25,,Сокол,13 мин.,Монолитный,
https://www.cian.ru/sale/flat/316982258/,"Продается 4-комн. квартира, 130,4 м²",65 000 000 ₽,"Москва, САО, р-н Аэропорт, 2-й Амбулаторный проездНа карте","130,4 м²",6 из 21,,Сокол,15 мин.,Монолитный,
https://www.cian.ru/sale/flat/322163171/,,,,,,,,,,
https://www.cian.ru/sale/flat/320695662/,"Продается 3-комн. квартира, 160 м²",160 000 000 ₽,"Москва, ЦАО, р-н Арбат, ул. Арбат, 18С1На карте",160 м²,4 из 7,2004,Арбатская,8 мин.,Монолитный,
https://www.cian.ru/sale/flat/323450137/,"Продаются 4-комн. апартаменты, 170 м²",150 000 000 ₽,"Москва, САО, р-н Аэропорт, Ленинградский просп., 36с40На карте",170 м²,23 из 25,,Петровский Парк,10 мин.,Монолитный,
https://www.cian.ru/sale/flat/321905690/,"Продается 1-комн. квартира, 96,85 м²",232 440 000 ₽,"Москва, ЦАО, р-н Арбат, Староваганьковский пер., 17С4На карте","96,85 м²",2 из 7,,Арбатская,4 мин.,Монолитно-кирпичный,
https://www.cian.ru/sale/flat/322190939/,"Продаются 3-комн. апартаменты, 121,6 м²",92 000 000 ₽,"Москва, САО, р-н Аэропорт, Ленинградский просп., 36с39На карте","121,6 м²",12 из 15,,Динамо,1 мин.,,
https://www.cian.ru/sale/flat/323000798/,"Продается многокомнатная квартира, 344,5 м²",315 000 000 ₽,"Москва, ЦАО, р-н Арбат, Поварская ул., 26На карте","344,5 м²",5 из 6,1914,Арбатская,9 мин.,Кирпичный,
https://www.cian.ru/sale/flat/323077667/,"Продается многокомнатная квартира, 181,6 м²",380 000 000 ₽,"Москва, ЦАО, р-н Арбат, Большой Афанасьевский пер., 28На карте","181,6 м²",6 из 8,2012,Арбатская,7 мин.,,
https://www.cian.ru/sale/flat/322374907/,"Продается 3-комн. квартира, 59,5 м²",39 500 000 ₽,"Москва, ЦАО, р-н Арбат, Карманицкий пер., 3На карте","59,5 м²",2 из 6,1927,Смоленская,5 мин.,Кирпичный,
https://www.cian.ru/sale/flat/320583629/,"Продаются 4-комн. апартаменты, 195 м²",185 000 000 ₽,"Москва, САО, р-н Аэропорт, Ленинградский просп., 36с39На карте",195 м²,13 из 15,,Динамо,1 мин.,,
https://www.cian.ru/sale/flat/322923404/,"Продается 1-комн. квартира, 43,5 м²",27 900 000 ₽,"Москва, САО, р-н Аэропорт, Часовая ул., 28/1На карте","43,5 м²",14 из 24,,Сокол,13 мин.,,
https://www.cian.ru/sale/flat/321717816/,"Продается 3-комн. квартира, 90 м²",78 000 000 ₽,"Москва, Гоголевский бул., 27",90 м²,3 из 7,1933,Арбатская,6 мин.,Кирпичный,
https://www.cian.ru/sale/flat/321435324/,"Продается 4-комн. квартира, 268,23 м²",871 747 500 ₽,"Москва, ЦАО, р-н Арбат, Крестовоздвиженский пер., 4На карте","268,23 м²",5 из 7,,Арбатская,4 мин.,Монолитно-кирпичный,
https://www.cian.ru/sale/flat/220126243/,"Продается 4-комн. квартира, 149 м²",139 000 000 ₽,"Москва, ЦАО, р-н Арбат, Староконюшенный пер., 33На карте",149 м²,3 из 4,1900,Кропоткинская,8 мин.,Кирпичный,
https://www.cian.ru/sale/flat/319272783/,"Продается 3-комн. квартира, 156,4 м²",160 000 000 ₽,"Москва, ЦАО, р-н Арбат, ул. Арбат, 18С1На карте","156,4 м²",4 из 6,2004,Арбатская,8 мин.,Монолитный,
https://www.cian.ru/sale/flat/321435322/,"Продается 1-комн. квартира, 96,59 м²",270 452 000 ₽,"Москва, ЦАО, р-н Арбат, Крестовоздвиженский пер., 4На карте","96,59 м²",3 из 7,,Арбатская,4 мин.,Монолитно-кирпичный,
https://www.cian.ru/sale/flat/321435314/,"Продается 3-комн. квартира, 225,06 м²",551 397 000 ₽,"Москва, ЦАО, р-н Арбат, Крестовоздвиженский пер., 4На карте","225,06 м²",2 из 7,,Арбатская,4 мин.,Монолитно-кирпичный,
https://www.cian.ru/sale/flat/314017901/,"Продается 4-комн. квартира, 276,3 м²",676 935 000 ₽,"Москва, ЦАО, р-н Арбат, Никитский бул., 6/20На карте","276,3 м²",3 из 8,,Арбатская,3 мин.,,
https://www.cian.ru/sale/flat/316491843/,"Продается 3-комн. квартира, 209,6 м²",691 680 000 ₽,"Москва, ЦАО, р-н Арбат, Никитский бул., 6/20На карте","209,6 м²",5 из 8,,Арбатская,3 мин.,,
https://www.cian.ru/sale/flat/322431281/,"Продается многокомнатная квартира, 250 м²",550 000 000 ₽,"Москва, ЦАО, р-н Арбат, Кривоарбатский пер., 15С1На карте",250 м²,3 из 6,,Смоленская,7 мин.,Кирпичный,
https://www.cian.ru/sale/flat/322037026/,"Продается 4-комн. квартира, 80,6 м²",55 000 000 ₽,"Москва, ЦАО, р-н Арбат, ул. Арбат, 51С1На карте","80,6 м²",3 из 8,1910,Смоленская,3 мин.,Кирпичный,
https://www.cian.ru/sale/flat/321743321/,"Продается 4-комн. квартира, 255 м²",370 000 000 ₽,"Москва, ЦАО, р-н Арбат, ул. Новый Арбат, 27На карте",255 м²,12 из 16,2009,Смоленская,7 мин.,Монолитный,
https://www.cian.ru/sale/flat/321517344/,"Продается 2-комн. квартира, 55,6 м²",30 900 000 ₽,"Москва, ЦАО, р-н Арбат, Новинский бул., 13На карте","55,6 м²",3 из 6,1917,Смоленская,8 мин.,Кирпичный,
https://www.cian.ru/sale/flat/322072408/,"Продаются 3-комн. апартаменты, 92 м²",115 000 000 ₽,"Москва, ЦАО, р-н Арбат, 1-й Смоленский пер., 21На карте",92 м²,6 из 7,2011,Смоленская,3 мин.,Монолитный,
https://www.cian.ru/sale/flat/322301740/,"Продается студия, 18 м²",13 250 000 ₽,"Москва, ЦАО, р-н Арбат, ул. Новый Арбат, 1С4На карте",18 м²,2 из 3,,Арбатская,4 мин.,,
https://www.cian.ru/sale/flat/322804998/,"Продается 1/3 квартиры, 41,1/20,2/9,4 м²",7 500 000 ₽,"Москва, ЦАО, р-н Арбат, ул. Арбат, 19На карте","41,1 м²",3 из 8,1994,Арбатская,8 мин.,Кирпичный,
https://www.cian.ru/sale/flat/312875290/,"Продаются 2-комн. апартаменты, 122,7 м²",110 430 000 ₽,"Москва, ЦАО, р-н Арбат, ул. Новый Арбат, 32На карте","122,7 м²",6 из 13,,Смоленская,8 мин.,Монолитно-кирпичный,
https://www.cian.ru/sale/flat/322880662/,"Продается 4-комн. квартира, 107 м²",53 000 000 ₽,"Москва, ЦАО, р-н Арбат, ул. Новый Арбат, 30/9На карте",107 м²,6 из 8,1950,Смоленская,7 мин.,Кирпичный,
https://www.cian.ru/sale/flat/316640765/,"Продается 3-комн. квартира, 86,3 м²",58 900 000 ₽,"Москва, ЦАО, р-н Арбат, Малый Афанасьевский пер., 5/15На карте","86,3 м²",3 из 7,1905,Арбатская,5 мин.,Кирпичный,
https://www.cian.ru/sale/flat/323337546/,"Продаются 2-комн. апартаменты, 77,4 м²",134 500 000 ₽,"Москва, ЦАО, р-н Арбат, Поварская ул., 8/1к1На карте","77,4 м²",5 из 6,,Арбатская,6 мин.,Кирпичный,
https://www.cian.ru/sale/flat/321435343/,"Продается 3-комн. квартира, 195,76 м²",597 068 000 ₽,"Москва, ЦАО, р-н Арбат, Крестовоздвиженский пер., 4На карте","195,76 м²",5 из 7,,Арбатская,4 мин.,Монолитно-кирпичный,
https://www.cian.ru/sale/flat/320012304/,"Продается 4-комн. квартира, 207 м²",420 000 000 ₽,"Москва, ЦАО, р-н Арбат, Большой Афанасьевский пер., 28На карте",207 м²,6 из 9,2012,Арбатская,7 мин.,,
https://www.cian.ru/sale/flat/317907441/,"Продается 3-комн. квартира, 108 м²",62 000 000 ₽,"Москва, ЦАО, р-н Арбат, Кривоарбатский пер., 19На карте",108 м²,4 из 6,1912,Смоленская,4 мин.,Кирпичный,
https://www.cian.ru/sale/flat/278285212/,"Продается 2-комн. квартира, 53,9 м²",35 000 000 ₽,"Москва, ЦАО, р-н Арбат, ул. Новый Арбат, 26На карте","53,9 м²",23 из 24,1968,Смоленская,8 мин.,Панельный,
https://www.cian.ru/sale/flat/322798128/,"Продается студия, 22 м²",16 500 000 ₽,"Москва, ЦАО, р-н Арбат, ул. Арбат, 4С1На карте",22 м²,2 из 3,1870,Арбатская,4 мин.,Кирпичный,
https://www.cian.ru/sale/flat/322868555/,"Продается 4-комн. квартира, 218 м²",495 000 000 ₽,"Москва, ЦАО, р-н Арбат, Борисоглебский пер., 13С3На карте",218 м²,2 из 5,2005,Арбатская,12 мин.,Монолитный,
https://www.cian.ru/sale/flat/313896990/,"Продается 3-комн. квартира, 186,1 м²",372 200 000 ₽,"Москва, ЦАО, р-н Арбат, Большой Афанасьевский пер., 28На карте","186,1 м²",6 из 8,2012,Арбатская,7 мин.,,
https://www.cian.ru/sale/flat/312875525/,"Продаются 2-комн. апартаменты, 110,8 м²",110 800 000 ₽,"Москва, ЦАО, р-н Арбат, ул. Новый Арбат, 32На карте","110,8 м²",9 из 13,,Смоленская,8 мин.,Монолитно-кирпичный,
https://www.cian.ru/sale/flat/314741280/,"Продается 3-комн. квартира, 80 м²",38 200 000 ₽,"Москва, ЦАО, р-н Арбат, 1-й Николощеповский пер., 20/4На карте",80 м²,3 из 5,1931,Смоленская,6 мин.,Кирпичный,
https://www.cian.ru/sale/flat/323717553/,"Продается 2-комн. квартира, 52,7 м²",34 888 000 ₽,"Москва, ЦАО, р-н Арбат, ул. Новый Арбат, 16На карте","52,7 м²",19 из 24,1968,Арбатская,10 мин.,Панельный,
https://www.cian.ru/sale/flat/323389544/,"Продается 3-комн. квартира, 88,8 м²",48 900 000 ₽,"Москва, ЦАО, р-н Арбат, ул. Новый Арбат, 30/9На карте","88,8 м²",6 из 8,1950,Краснопресненская,15 мин.,Кирпичный,
https://www.cian.ru/sale/flat/323438343/,"Продается 2-комн. квартира, 60,6 м²",36 000 000 ₽,"Москва, ЦАО, р-н Арбат, Прямой пер., 5С1На карте","60,6 м²",1 из 5,1949,Смоленская,5 мин.,Кирпичный,
https://www.cian.ru/sale/flat/320824105/,"Продается многокомнатная квартира, 191,2 м²",110 000 000 ₽,"Москва, ЦАО, р-н Арбат, ул. Большая Молчановка, 23С1На карте","191,2 м²",6 из 6,1897,Смоленская,11 мин.,Кирпичный,
https://www.cian.ru/sale/flat/322606972/,"Продается 2-комн. квартира, 69,8 м²",43 000 000 ₽,"Москва, ЦАО, р-н Арбат, Новинский бул., 18С1На карте","69,8 м²",7 из 10,,Смоленская,9 мин.,Кирпичный,
https://www.cian.ru/sale/flat/320955174/,"Продается 2-комн. квартира, 66 м²",45 500 000 ₽,"Москва, ЦАО, р-н Арбат, Карманицкий пер., 5На карте",66 м²,4 из 9,1971,Смоленская,1 мин.,Кирпичный,
https://www.cian.ru/sale/flat/315348957/,"Продается 5-комн. квартира, 350 м²",272 393 230 ₽,"Москва, ЦАО, р-н Арбат, Филипповский пер., 8С1На карте",350 м²,6 из 9,2002,Кропоткинская,6 мин.,Кирпичный,
https://www.cian.ru/sale/flat/312400488/,"Продаются 1-комн. апартаменты, 66,1 м²",82 839 136 ₽,"Москва, ЦАО, р-н Арбат, Поварская ул., 8/1к1На карте","66,1 м²",4 из 6,2017,Арбатская,6 мин.,Монолитно-кирпичный,
https://www.cian.ru/sale/flat/312770109/,"Продается 3-комн. квартира, 134 м²",150 000 000 ₽,"Москва, ЦАО, р-н Арбат, ул. Малая Молчановка, 6На карте",134 м²,2 из 4,1910,Арбатская,9 мин.,Кирпичный,
https://www.cian.ru/sale/flat/322196632/,"Продаются 2-комн. апартаменты, 66,1 м²",82 839 136 ₽,"Москва, ЦАО, р-н Арбат, Поварская ул., 8/1к1На карте","66,1 м²",4 из 6,2017,Арбатская,6 мин.,Монолитно-кирпичный,
https://www.cian.ru/sale/flat/307796819/,"Продается апартаменты-студия, 19,2 м²",11 520 000 ₽,"Москва, ЦАО, р-н Арбат, Шубинский пер., 7На карте","19,2 м²",1 из 3,1914,Смоленская,6 мин.,Кирпичный,
https://www.cian.ru/sale/flat/321934717/,"Продается 3-комн. квартира, 91,8 м²",53 999 990 ₽,"Москва, ЦАО, р-н Арбат, Новинский бул., 12На карте","91,8 м²",7 из 10,1938,Смоленская,6 мин.,Кирпичный,
https://www.cian.ru/sale/flat/322713035/,"Продается 5-комн. квартира, 300 м²",61 000 000 ₽,"Москва, ЦАО, р-н Арбат, Староконюшенный пер., 37На карте",300 м²,7 из 7,1916,Арбатская,10 мин.,Кирпичный,
https://www.cian.ru/sale/flat/316412322/,"Продается 3-комн. квартира, 110 м²",62 000 000 ₽,"Москва, ЦАО, р-н Арбат, Кривоарбатский пер., 19На карте",110 м²,4 из 6,1912,Смоленская,4 мин.,Кирпичный,
https://www.cian.ru/sale/flat/252659550/,"Продается квартира свободной планировки, 93,8 м²",46 000 000 ₽,"Москва, ЦАО, р-н Арбат, ул. Большая Молчановка, 15/12На карте","93,8 м²",4 из 4,,Арбатская,9 мин.,Кирпичный,
https://www.cian.ru/sale/flat/169579402/,"Продается 3-комн. квартира, 170 м²",159 678 790 ₽,"Москва, ЦАО, р-н Арбат, Староконюшенный пер., 36С2На карте",170 м²,2 из 4,2003,Арбатская,9 мин.,Монолитный,
https://www.cian.ru/sale/flat/317120566/,"Продается многокомнатная квартира, 144,8 м²",78 000 000 ₽,"Москва, ЦАО, р-н Арбат, ул. Арбат, 47/23На карте","144,8 м²",2 из 6,1910,Смоленская,4 мин.,Кирпичный,
https://www.cian.ru/sale/flat/322221832/,"Продаются апартаменты свободной планировки, 69,7 м²",95 737 632 ₽,"Москва, ЦАО, р-н Арбат, Поварская ул., 8/1к1На карте","69,7 м²",5 из 6,2017,Арбатская,6 мин.,Монолитно-кирпичный,
https://www.cian.ru/sale/flat/322199731/,"Продаются 2-комн. апартаменты, 69,7 м²",88 961 258 ₽,"Москва, ЦАО, р-н Арбат, Поварская ул., 8/1к1На карте","69,7 м²",4 из 6,2017,Арбатская,6 мин.,Монолитно-кирпичный,
https://www.cian.ru/sale/flat/299385420/,"Продается 4-комн. квартира, 71 м²",49 900 000 ₽,"Москва, ЦАО, р-н Арбат, ул. Новый Арбат, 25На карте",71 м²,3 из 5,,Краснопресненская,17 мин.,Кирпичный,
https://www.cian.ru/sale/flat/322220897/,"Продаются 4-комн. апартаменты, 68,5 м²",92 357 328 ₽,"Москва, ЦАО, р-н Арбат, Поварская ул., 8/1к1На карте","68,5 м²",5 из 6,2017,Арбатская,6 мин.,Монолитно-кирпичный,
https://www.cian.ru/sale/flat/319035913/,,,,,,,,,,
https://www.cian.ru/sale/flat/312412402/,"Продается многокомнатная квартира, 260 м²",106 000 000 ₽,"Москва, ЦАО, р-н Арбат, Новинский бул., 28/35С1На карте",260 м²,7 из 7,1952,Баррикадная,8 мин.,Кирпичный,
https://www.cian.ru/sale/flat/319665313/,"Продается 3-комн. квартира, 102,7 м²",62 900 000 ₽,"Москва, ЦАО, р-н Арбат, Смоленская наб., 2АНа карте","102,7 м²",2 из 11,1956,Смоленская,6 мин.,Кирпичный,
https://www.cian.ru/sale/flat/302734799/,"Продается 3-комн. квартира, 136 м²",150 000 000 ₽,"Москва, ЦАО, р-н Арбат, ул. Малая Молчановка, 6На карте",136 м²,2 из 4,1910,Арбатская,9 мин.,Кирпичный,
https://www.cian.ru/sale/flat/323281916/,"Продается 3-комн. квартира, 170 м²",180 000 000 ₽,"Москва, ЦАО, р-н Арбат, Филипповский пер., 13С2На карте",170 м²,4 из 7,2005,Арбатская,5 мин.,Кирпичный,
https://www.cian.ru/sale/flat/320698738/,"Продается 3-комн. квартира, 160 м²",160 000 000 ₽,"Москва, ЦАО, р-н Арбат, ул. Арбат, 18С1На карте",160 м²,4 из 7,2004,Арбатская,8 мин.,Монолитный,
https://www.cian.ru/sale/flat/309631846/,"Продается 4-комн. квартира, 200 м²",243 039 600 ₽,"Москва, ЦАО, р-н Арбат, ул. Новый Арбат, 29На карте",200 м²,10 из 17,1998,Смоленская,6 мин.,Монолитный,
https://www.cian.ru/sale/flat/314434351/,"Продаются 2-комн. апартаменты, 78,9 м²",97 370 636 ₽,"Москва, ЦАО, р-н Арбат, Поварская ул., 8/1к1На карте","78,9 м²",4 из 6,,Арбатская,6 мин.,Монолитный,
https://www.cian.ru/sale/flat/323124200/,"Продается студия, 78,7 м²",180 000 000 ₽,"Москва, ЦАО, р-н Арбат, Староконюшенный пер., 45На карте","78,7 м²",2 из 6,2012,Арбатская,10 мин.,Монолитный,
https://www.cian.ru/sale/flat/321906344/,"Продается 4-комн. квартира, 152 м²",209 000 000 ₽,"Москва, ЦАО, р-н Арбат, ул. Арбат, 31На карте",152 м²,3 из 7,2006,Арбатская,10 мин.,Кирпичный,
https://www.cian.ru/sale/flat/311387226/,"Продаются 4-комн. апартаменты, 232 м²",228 500 000 ₽,"Москва, ЦАО, р-н Арбат, Поварская ул., 8/1к1На карте",232 м²,7 из 7,,Арбатская,6 мин.,Монолитный,
https://www.cian.ru/sale/flat/323380468/,"Продаются 3-комн. апартаменты, 138,2 м²",197 578 740 ₽,"Москва, ЦАО, р-н Арбат, Поварская ул., 8/1к1На карте","138,2 м²",5 из 7,2016,Арбатская,4 мин.,Кирпичный,
https://www.cian.ru/sale/flat/319230541/,"Продается 3-комн. квартира, 183,9 м²",210 000 000 ₽,"Москва, ЦАО, р-н Арбат, Малый Новопесковский пер., 8На карте","183,9 м²",3 из 14,2006,Смоленская,6 мин.,Кирпичный,
https://www.cian.ru/sale/flat/311335668/,"Продаются 2-комн. апартаменты, 66,1 м²",82 839 136 ₽,"Москва, ЦАО, р-н Арбат, Поварская ул., 8/1к1На карте","66,1 м²",4 из 7,2017,Арбатская,6 мин.,Монолитный,
https://www.cian.ru/sale/flat/282636369/,"Продается 3-комн. квартира, 125 м²",153 925 080 ₽,"Москва, ЦАО, р-н Арбат, Малый Новопесковский пер., 8На карте",125 м²,4 из 17,2008,Смоленская,6 мин.,Кирпичный,
https://www.cian.ru/sale/flat/322920524/,"Продается 4-комн. квартира, 204 м²",325 000 000 ₽,"Москва, ЦАО, р-н Арбат, Малый Новопесковский пер., 8На карте",204 м²,3 из 14,2005,Смоленская,6 мин.,Кирпичный,
https://www.cian.ru/sale/flat/314361627/,"Продаются 4-комн. апартаменты, 139,2 м²",167 040 000 ₽,"Москва, ЦАО, р-н Арбат, Поварская ул., 8/1к1На карте","139,2 м²",4 из 7,,Арбатская,6 мин.,Монолитный,
https://www.cian.ru/sale/flat/319668143/,"Продается 4-комн. квартира, 156,4 м²",160 000 000 ₽,"Москва, ЦАО, р-н Арбат, ул. Арбат, 18С1На карте","156,4 м²",4 из 7,2004,Арбатская,8 мин.,Монолитный,
https://www.cian.ru/sale/flat/302277928/,"Продается 4-комн. квартира, 162 м²",264 590 000 ₽,"Москва, ЦАО, р-н Арбат, ул. Малая Молчановка, 8На карте",162 м²,2 из 7,1913,Арбатская,10 мин.,Кирпичный,
https://www.cian.ru/sale/flat/323594431/,"Продаются 3-комн. апартаменты, 100 м²",120 000 000 ₽,"Москва, ЦАО, р-н Арбат, 1-й Смоленский пер., 21На карте",100 м²,6 из 7,,Смоленская,3 мин.,Монолитный,
https://www.cian.ru/sale/flat/318666987/,"Продаются 1-комн. апартаменты, 88,4 м²",104 459 000 ₽,"Москва, ЦАО, р-н Арбат, Поварская ул., 8/1к1На карте","88,4 м²",4 из 6,2017,Арбатская,6 мин.,Монолитно-кирпичный,
https://www.cian.ru/sale/flat/322802941/,,,,,,,,,,
https://www.cian.ru/sale/flat/321825445/,"Продается многокомнатная квартира, 300 м²",590 000 000 ₽,"Москва, ЦАО, р-н Арбат, ул. Арбат, 24На карте",300 м²,7 из 8,,Смоленская,9 мин.,Монолитно-кирпичный,
https://www.cian.ru/sale/flat/311335672/,"Продаются 2-комн. апартаменты, 69,7 м²",95 737 632 ₽,"Москва, ЦАО, р-н Арбат, Поварская ул., 8/1к1На карте","69,7 м²",5 из 7,2017,Арбатская,6 мин.,Монолитный,
https://www.cian.ru/sale/flat/295040022/,"Продаются 2-комн. апартаменты, 88,4 м²",116 583 780 ₽,"Москва, ЦАО, р-н Арбат, Поварская ул., 8/1к1На карте","88,4 м²",4 из 7,2016,Арбатская,4 мин.,Кирпичный,
https://www.cian.ru/sale/flat/311482232/,"Продаются 2-комн. апартаменты, 66,1 м²",82 830 000 ₽,"Москва, ЦАО, р-н Арбат, Поварская ул., 8/1к1На карте","66,1 м²",4 из 7,2017,Арбатская,6 мин.,Монолитно-кирпичный,
https://www.cian.ru/sale/flat/320155403/,"Продаются 3-комн. апартаменты, 140 м²",167 040 000 ₽,"Москва, ЦАО, р-н Арбат, Поварская ул., 8/1к1На карте",140 м²,4 из 7,2017,Арбатская,6 мин.,Монолитно-кирпичный,
https://www.cian.ru/sale/flat/311302416/,"Продаются 2-комн. апартаменты, 78,9 м²",97 370 637 ₽,"Москва, ЦАО, р-н Арбат, Поварская ул., 8/1к1На карте","78,9 м²",4 из 7,2018,Арбатская,6 мин.,Монолитно-кирпичный,
https://www.cian.ru/sale/flat/311146890/,"Продаются 2-комн. апартаменты, 66,1 м²",82 839 136 ₽,"Москва, ЦАО, р-н Арбат, Поварская ул., 8/1к1На карте","66,1 м²",4 из 7,2018,Арбатская,6 мин.,Монолитно-кирпичный,
https://www.cian.ru/sale/flat/321852671/,"Продается 2-комн. квартира, 45 м²",16 700 000 ₽,"Москва, СЗАО, р-н Щукино, Новощукинская ул., 14На карте",45 м²,5 из 12,1965,Щукинская,10 мин.,Монолитный,
https://www.cian.ru/sale/flat/322775774/,"Продается 2-комн. квартира, 37,8 м²",14 700 000 ₽,"Москва, Новощукинская ул., 22","37,8 м²",1 из 12,1965,Щукинская,12 мин.,Монолитный,
https://www.cian.ru/sale/flat/322632394/,"Продается 4-комн. квартира, 89 м²",32 000 000 ₽,"Москва, СЗАО, р-н Хорошево-Мневники, просп. Маршала Жукова, 74К1На карте",89 м²,4 из 24,1995,Бульвар Генерала Карбышева,откроется в 2026,,
https://www.cian.ru/sale/flat/323244889/,"Продается студия, 28,7 м²",24 250 000 ₽,"Москва, СЗАО, р-н Хорошево-Мневники, ул. Народного Ополчения, 15К2На карте","28,7 м²",30 из 58,,Народное Ополчение,10 мин.,Монолитный,
https://www.cian.ru/sale/flat/322962046/,,,,,,,,,,
https://www.cian.ru/sale/flat/320394902/,"Продается студия, 20,8 м²",12 796 160 ₽,"Москва, Вишневая ул., 7С128","20,8 м²",2 из 17,,Тушинская,4 мин.,Монолитный,
https://www.cian.ru/sale/flat/322127760/,"Продается 4-комн. квартира, 150 м²",97 500 000 ₽,"Москва, СЗАО, р-н Хорошево-Мневники, ул. Нижние Мневники, 16к6На карте",150 м²,20 из 22,,Терехово,12 мин.,,
https://www.cian.ru/sale/flat/322661854/,"Продаются 3-комн. апартаменты, 88,8 м²",52 000 000 ₽,"Москва, СЗАО, р-н Хорошево-Мневники, Шелепихинская наб., 34к1На карте","88,8 м²",14 из 37,2021,Шелепиха,12 мин.,Монолитный,
https://www.cian.ru/sale/flat/318759669/,"Продается многокомнатная квартира, 418,6 м²",190 000 000 ₽,"Москва, СЗАО, р-н Покровское-Стрешнево, Береговая ул., 8На карте","418,6 м²",3 из 3,2003,Щукинская,11 мин.,Монолитный,
https://www.cian.ru/sale/flat/318077417/,"Продается 4-комн. квартира, 194,1 м²",104 000 000 ₽,"Москва, СЗАО, р-н Покровское-Стрешнево, Береговая ул., 8К2На карте","194,1 м²",3 из 5,2002,Щукинская,11 мин.,Монолитный,
https://www.cian.ru/sale/flat/323431361/,"Продается 5-комн. квартира, 307 м²",122 800 000 ₽,"Москва, СЗАО, р-н Щукино, ул. Маршала Бирюзова, 32На карте",307 м²,23 из 24,1998,Октябрьское поле,11 мин.,Монолитно-кирпичный,
https://www.cian.ru/sale/flat/313460723/,,,,,,,,,,
https://www.cian.ru/sale/flat/323312707/,"Продается 4-комн. квартира, 102 м²",67 000 000 ₽,"Москва, СЗАО, р-н Хорошево-Мневники, ул. Нижние Мневники, 12На карте",102 м²,15 из 22,2025,Терехово,3 мин.,Монолитный,
https://www.cian.ru/sale/flat/323033748/,"Продаются 1-комн. апартаменты, 47 м²",9 400 000 ₽,"Москва, СЗАО, р-н Митино, Пятницкое ш., 56БНа карте",47 м²,10 из 28,2025,Пятницкое шоссе,16 мин.,Монолитный,
https://www.cian.ru/sale/flat/323477433/,"Продается 3-комн. квартира, 172 м²",64 990 000 ₽,"Москва, просп. Маршала Жукова, 78",172 м²,26 из 48,2011,Народное Ополчение,5 мин.,Монолитный,
https://www.cian.ru/sale/flat/320395653/,"Продается 3-комн. квартира, 79,4 м²",26 884 824 ₽,"Москва, СЗАО, р-н Покровское-Стрешнево, Волоколамское ш.На карте","79,4 м²",2 из 26,,Трикотажная,6 мин.,Монолитный,
https://www.cian.ru/sale/flat/323509060/,"Продается 1-комн. квартира, 43,4 м²",28 427 000 ₽,"Москва, СЗАО, р-н Хорошево-Мневники, ул. Нижние Мневники, 62Бк1На карте","43,4 м²",2 из 22,,Терехово,5 мин.,Монолитный,
https://www.cian.ru/sale/flat/323464990/,"Продается 4-комн. квартира, 157,37 м²",142 670 685 ₽,"Москва, СЗАО, р-н Хорошево-Мневники, ул. Берзарина, 37На карте","157,37 м²",15 из 16,,Серебряный Бор,откроется в 2026,Монолитно-кирпичный,
https://www.cian.ru/sale/flat/319660160/,,,,,,,,,,
https://www.cian.ru/sale/flat/323223905/,"Продается 2-комн. квартира, 37,8 м²",12 100 000 ₽,"Москва, СЗАО, р-н Хорошево-Мневники, просп. Маршала Жукова, 17К4На карте","37,8 м²",1 из 12,1969,Народное Ополчение,5 мин.,Блочный,
https://www.cian.ru/sale/flat/323390549/,"Продается 1-комн. квартира, 40 м²",15 500 000 ₽,"Москва, СЗАО, р-н Южное Тушино, проезд Досфлота, 2АНа карте",40 м²,9 из 10,2025,Сходненская,25 мин.,Монолитный,
https://www.cian.ru/sale/flat/323724095/,"Продается 3-комн. квартира, 72,2 м²",19 400 000 ₽,"Москва, СЗАО, р-н Митино, ул. Барышиха, 44На карте","72,2 м²",5 из 17,1993,Пятницкое шоссе,10 мин.,Панельный,
